,ds,y,yhat1,residual1,trend,season_yearly,season_weekly
0,2017-06-26,,17.21827507019043,,22.20044708251953,-4.975304126739502,-0.006867800373584032
1,2017-06-27,,17.169757843017578,,22.200725555419922,-4.984605312347412,-0.046361520886421204
2,2017-06-28,,17.11614990234375,,22.201000213623047,-4.988882064819336,-0.09596841037273407
3,2017-06-29,,17.34595489501953,,22.201278686523438,-4.988351345062256,0.13302908837795258
4,2017-06-30,,17.32658576965332,,22.201555252075195,-4.983256816864014,0.1082877665758133
5,2017-07-01,,17.181873321533203,,22.201831817626953,-4.9738664627075195,-0.04609207063913345
6,2017-07-02,,17.19561004638672,,22.20210838317871,-4.9604716300964355,-0.0460270531475544
7,2017-07-03,,17.252138137817383,,22.20238494873047,-4.943380832672119,-0.006867800373584032
8,2017-07-04,,17.233383178710938,,22.20266342163086,-4.922917366027832,-0.046361520886421204
9,2017-07-05,,17.207551956176758,,22.202938079833984,-4.899418830871582,-0.09596841037273407
10,2017-07-06,,17.4630184173584,,22.203216552734375,-4.873227596282959,0.13302908837795258
11,2017-07-07,,17.467084884643555,,22.203495025634766,-4.844696521759033,0.1082877665758133
12,2017-07-08,,17.343502044677734,,22.20376968383789,-4.8141770362854,-0.04609207063913345
13,2017-07-09,,17.376001358032227,,22.20404815673828,-4.78201961517334,-0.0460270531475544
14,2017-07-10,,17.44888687133789,,22.20432472229004,-4.748570442199707,-0.006867800373584032
15,2017-07-11,,17.444074630737305,,22.204601287841797,-4.714165687561035,-0.046361520886421204
16,2017-07-12,,17.429779052734375,,22.204877853393555,-4.679131507873535,-0.09596841037273407
17,2017-07-13,,17.694406509399414,,22.205154418945312,-4.6437788009643555,0.13302908837795258
18,2017-07-14,,17.705318450927734,,22.205432891845703,-4.608401775360107,0.1082877665758133
19,2017-07-15,,17.586345672607422,,22.205707550048828,-4.573270797729492,-0.04609207063913345
20,2017-07-16,,17.621318817138672,,22.20598602294922,-4.538639068603516,-0.0460270531475544
21,2017-07-17,,17.69466781616211,,22.20626449584961,-4.504727840423584,-0.006867800373584032
22,2017-07-18,,17.68844223022461,,22.206539154052734,-4.471736907958984,-0.046361520886421204
23,2017-07-19,,17.6710147857666,,22.206817626953125,-4.439834117889404,-0.09596841037273407
24,2017-07-20,,17.930965423583984,,22.207094192504883,-4.4091572761535645,0.13302908837795258
25,2017-07-21,,17.93584442138672,,22.20737075805664,-4.3798136711120605,0.1082877665758133
26,2017-07-22,,17.809677124023438,,22.2076473236084,-4.351878643035889,-0.04609207063913345
27,2017-07-23,,17.836503982543945,,22.207923889160156,-4.3253936767578125,-0.0460270531475544
28,2017-07-24,,17.900964736938477,,22.208202362060547,-4.300368785858154,-0.006867800373584032
29,2017-07-25,,17.88533592224121,,22.208477020263672,-4.2767815589904785,-0.046361520886421204
30,2017-07-26,,17.85820960998535,,22.208755493164062,-4.254578113555908,-0.09596841037273407
31,2017-07-27,,18.108386993408203,,22.209033966064453,-4.233674049377441,0.13302908837795258
32,2017-07-28,,18.103641510009766,,22.209308624267578,-4.213954448699951,0.1082877665758133
33,2017-07-29,,17.968215942382812,,22.20958709716797,-4.195278644561768,-0.04609207063913345
34,2017-07-30,,17.986358642578125,,22.209863662719727,-4.177478790283203,-0.0460270531475544
35,2017-07-31,,18.042909622192383,,22.210140228271484,-4.160362720489502,-0.006867800373584032
36,2017-08-01,,18.020336151123047,,22.210416793823242,-4.143718242645264,-0.046361520886421204
37,2017-08-02,,17.987411499023438,,22.210693359375,-4.127314567565918,-0.09596841037273407
38,2017-08-03,,18.233097076416016,,22.21097183227539,-4.110903263092041,0.13302908837795258
39,2017-08-04,,18.225311279296875,,22.21124839782715,-4.0942254066467285,0.1082877665758133
40,2017-08-05,,18.088422775268555,,22.211524963378906,-4.077010154724121,-0.04609207063913345
41,2017-08-06,,18.106794357299805,,22.211803436279297,-4.058980464935303,-0.0460270531475544
42,2017-08-07,,18.165353775024414,,22.212078094482422,-4.039856433868408,-0.006867800373584032
43,2017-08-08,,18.146635055541992,,22.212356567382812,-4.0193586349487305,-0.046361520886421204
44,2017-08-09,,18.119455337524414,,22.21263313293457,-3.9972095489501953,-0.09596841037273407
45,2017-08-10,,18.372800827026367,,22.212909698486328,-3.9731385707855225,0.13302908837795258
46,2017-08-11,,18.374589920043945,,22.213186264038086,-3.9468846321105957,0.1082877665758133
47,2017-08-12,,18.24917221069336,,22.213462829589844,-3.9182000160217285,-0.04609207063913345
48,2017-08-13,,18.280860900878906,,22.213741302490234,-3.8868515491485596,-0.0460270531475544
49,2017-08-14,,18.354522705078125,,22.214017868041992,-3.8526253700256348,-0.006867800373584032
50,2017-08-15,,18.352603912353516,,22.21429443359375,-3.8153276443481445,-0.046361520886421204
51,2017-08-16,,18.343814849853516,,22.21457290649414,-3.774789571762085,-0.09596841037273407
52,2017-08-17,,18.61701202392578,,22.214847564697266,-3.730865716934204,0.13302908837795258
53,2017-08-18,,18.639976501464844,,22.215126037597656,-3.6834375858306885,0.1082877665758133
54,2017-08-19,,18.53689193725586,,22.21540069580078,-3.6324188709259033,-0.04609207063913345
55,2017-08-20,,18.591903686523438,,22.215679168701172,-3.577749729156494,-0.0460270531475544
56,2017-08-21,,18.689685821533203,,22.21595573425293,-3.519402265548706,-0.006867800373584032
57,2017-08-22,,18.71249008178711,,22.216232299804688,-3.4573802947998047,-0.046361520886421204
58,2017-08-23,,18.728822708129883,,22.216510772705078,-3.3917195796966553,-0.09596841037273407
59,2017-08-24,,19.027328491210938,,22.216787338256836,-3.32248854637146,0.13302908837795258
60,2017-08-25,,19.0755672454834,,22.217063903808594,-3.249784231185913,0.1082877665758133
61,2017-08-26,,18.997512817382812,,22.217342376708984,-3.173736095428467,-0.04609207063913345
62,2017-08-27,,19.07708740234375,,22.21761703491211,-3.094503879547119,-0.0460270531475544
63,2017-08-28,,19.198753356933594,,22.2178955078125,-3.012273073196411,-0.006867800373584032
64,2017-08-29,,19.244552612304688,,22.218170166015625,-2.927258014678955,-0.046361520886421204
65,2017-08-30,,19.28278350830078,,22.218448638916016,-2.8396971225738525,-0.09596841037273407
66,2017-08-31,,19.601905822753906,,22.218725204467773,-2.749850034713745,0.13302908837795258
67,2017-09-01,,19.669292449951172,,22.21900177001953,-2.6579976081848145,0.1082877665758133
68,2017-09-02,,19.608749389648438,,22.21927833557129,-2.5644381046295166,-0.04609207063913345
69,2017-09-03,,19.704044342041016,,22.21955680847168,-2.469484567642212,-0.0460270531475544
70,2017-09-04,,19.83950424194336,,22.219833374023438,-2.3734610080718994,-0.006867800373584032
71,2017-09-05,,19.897048950195312,,22.220109939575195,-2.276700258255005,-0.046361520886421204
72,2017-09-06,,19.94487762451172,,22.220386505126953,-2.1795406341552734,-0.09596841037273407
73,2017-09-07,,20.27136993408203,,22.220664978027344,-2.0823230743408203,0.13302908837795258
74,2017-09-08,,20.343841552734375,,22.22093963623047,-1.9853878021240234,0.1082877665758133
75,2017-09-09,,20.286056518554688,,22.22121810913086,-1.8890702724456787,-0.04609207063913345
76,2017-09-10,,20.38176727294922,,22.221494674682617,-1.7936992645263672,-0.0460270531475544
77,2017-09-11,,20.51531219482422,,22.221771240234375,-1.6995919942855835,-0.006867800373584032
78,2017-09-12,,20.568634033203125,,22.222049713134766,-1.6070536375045776,-0.046361520886421204
79,2017-09-13,,20.6099853515625,,22.222326278686523,-1.5163735151290894,-0.09596841037273407
80,2017-09-14,,20.927810668945312,,22.22260284423828,-1.4278205633163452,0.13302908837795258
81,2017-09-15,,20.989524841308594,,22.22287940979004,-1.3416435718536377,0.1082877665758133
82,2017-09-16,,20.918996810913086,,22.223155975341797,-1.2580671310424805,-0.04609207063913345
83,2017-09-17,,21.00011444091797,,22.223434448242188,-1.1772910356521606,-0.0460270531475544
84,2017-09-18,,21.117355346679688,,22.223709106445312,-1.0994874238967896,-0.006867800373584032
85,2017-09-19,,21.15282440185547,,22.223987579345703,-1.0247999429702759,-0.046361520886421204
86,2017-09-20,,21.17495346069336,,22.22426414489746,-0.9533424973487854,-0.09596841037273407
87,2017-09-21,,21.47237205505371,,22.22454071044922,-0.8851976990699768,0.13302908837795258
88,2017-09-22,,21.51268768310547,,22.22481918334961,-0.8204176425933838,0.1082877665758133
89,2017-09-23,,21.419981002807617,,22.225095748901367,-0.7590228915214539,-0.04609207063913345
90,2017-09-24,,21.478342056274414,,22.225372314453125,-0.7010027766227722,-0.0460270531475544
91,2017-09-25,,21.572463989257812,,22.225648880004883,-0.6463155150413513,-0.006867800373584032
92,2017-09-26,,21.584674835205078,,22.22592544555664,-0.5948897004127502,-0.046361520886421204
93,2017-09-27,,21.58361053466797,,22.22620391845703,-0.5466244220733643,-0.09596841037273407
94,2017-09-28,,21.858116149902344,,22.226478576660156,-0.5013912916183472,0.13302908837795258
95,2017-09-29,,21.87601089477539,,22.226757049560547,-0.4590359032154083,0.1082877665758133
96,2017-09-30,,21.76156234741211,,22.227033615112305,-0.4193796217441559,-0.04609207063913345
97,2017-10-01,,21.799062728881836,,22.227310180664062,-0.38222143054008484,-0.0460270531475544
98,2017-10-02,,21.87337875366211,,22.227588653564453,-0.3473412096500397,-0.006867800373584032
99,2017-10-03,,21.867002487182617,,22.22786521911621,-0.3145006597042084,-0.046361520886421204
100,2017-10-04,,21.848724365234375,,22.22814178466797,-0.2834482192993164,-0.09596841037273407
101,2017-10-05,,22.107528686523438,,22.228418350219727,-0.25391942262649536,0.13302908837795258
102,2017-10-06,,22.111339569091797,,22.228694915771484,-0.2256414145231247,0.1082877665758133
103,2017-10-07,,21.984546661376953,,22.228973388671875,-0.19833536446094513,-0.04609207063913345
104,2017-10-08,,22.01150131225586,,22.229248046875,-0.17171984910964966,-0.0460270531475544
105,2017-10-09,,22.077144622802734,,22.22952651977539,-0.1455134153366089,-0.006867800373584032
106,2017-10-10,,22.064002990722656,,22.22980308532715,-0.11943782866001129,-0.046361520886421204
107,2017-10-11,,22.040889739990234,,22.230079650878906,-0.09322156012058258,-0.09596841037273407
108,2017-10-12,,22.296783447265625,,22.230358123779297,-0.0666009709239006,0.13302908837795258
109,2017-10-13,,22.299596786499023,,22.230634689331055,-0.03932526707649231,0.1082877665758133
110,2017-10-14,,22.173660278320312,,22.230911254882812,-0.011157511733472347,-0.04609207063913345
111,2017-10-15,,22.203283309936523,,22.23118782043457,0.018122948706150055,-0.0460270531475544
112,2017-10-16,,22.273313522338867,,22.231464385986328,0.04871613159775734,-0.006867800373584032
113,2017-10-17,,22.266183853149414,,22.23174285888672,0.08080319315195084,-0.046361520886421204
114,2017-10-18,,22.250591278076172,,22.232017517089844,0.11454077810049057,-0.09596841037273407
115,2017-10-19,,22.515384674072266,,22.232295989990234,0.15006203949451447,0.13302908837795258
116,2017-10-20,,22.528335571289062,,22.232572555541992,0.18747498095035553,0.1082877665758133
117,2017-10-21,,22.413618087768555,,22.23284912109375,0.22686029970645905,-0.04609207063913345
118,2017-10-22,,22.455371856689453,,22.23312759399414,0.26827239990234375,-0.0460270531475544
119,2017-10-23,,22.538272857666016,,22.233402252197266,0.311737984418869,-0.006867800373584032
120,2017-10-24,,22.544574737548828,,22.233680725097656,0.3572562038898468,-0.046361520886421204
121,2017-10-25,,22.542789459228516,,22.233957290649414,0.40479913353919983,-0.09596841037273407
122,2017-10-26,,22.821575164794922,,22.234233856201172,0.45431262254714966,0.13302908837795258
123,2017-10-27,,22.848514556884766,,22.234512329101562,0.5057163834571838,0.1082877665758133
124,2017-10-28,,22.747600555419922,,22.234786987304688,0.558905303478241,-0.04609207063913345
125,2017-10-29,,22.80278778076172,,22.235065460205078,0.6137510538101196,-0.0460270531475544
126,2017-10-30,,22.89858055114746,,22.23534393310547,0.6701050996780396,-0.006867800373584032
127,2017-10-31,,22.917055130004883,,22.235618591308594,0.7277975082397461,-0.046361520886421204
128,2017-11-01,,22.92656898498535,,22.235897064208984,0.7866417765617371,-0.09596841037273407
129,2017-11-02,,23.21563720703125,,22.236173629760742,0.8464360237121582,0.13302908837795258
130,2017-11-03,,23.2517032623291,,22.2364501953125,0.9069653153419495,0.1082877665758133
131,2017-11-04,,23.15863800048828,,22.236726760864258,0.9680046439170837,-0.04609207063913345
132,2017-11-05,,23.220298767089844,,22.237003326416016,1.0293217897415161,-0.0460270531475544
133,2017-11-06,,23.32109260559082,,22.237281799316406,1.0906792879104614,-0.006867800373584032
134,2017-11-07,,23.343034744262695,,22.23755645751953,1.1518380641937256,-0.046361520886421204
135,2017-11-08,,23.354427337646484,,22.237834930419922,1.2125605344772339,-0.09596841037273407
136,2017-11-09,,23.64375114440918,,22.238109588623047,1.2726106643676758,0.13302908837795258
137,2017-11-10,,23.678438186645508,,22.238388061523438,1.3317620754241943,0.1082877665758133
138,2017-11-11,,23.582366943359375,,22.238666534423828,1.3897947072982788,-0.04609207063913345
139,2017-11-12,,23.639415740966797,,22.238941192626953,1.4465017318725586,-0.0460270531475544
140,2017-11-13,,23.73404312133789,,22.239219665527344,1.5016908645629883,-0.006867800373584032
141,2017-11-14,,23.748319625854492,,22.2394962310791,1.5551849603652954,-0.046361520886421204
142,2017-11-15,,23.750629425048828,,22.23977279663086,1.6068260669708252,-0.09596841037273407
143,2017-11-16,,24.029556274414062,,22.24005126953125,1.6564773321151733,0.13302908837795258
144,2017-11-17,,24.052637100219727,,22.240325927734375,1.704023003578186,0.1082877665758133
145,2017-11-18,,23.943883895874023,,22.240604400634766,1.7493714094161987,-0.04609207063913345
146,2017-11-19,,23.987308502197266,,22.240882873535156,1.7924549579620361,-0.0460270531475544
147,2017-11-20,,24.067523956298828,,22.24115753173828,1.833233118057251,-0.006867800373584032
148,2017-11-21,,24.066762924194336,,22.241436004638672,1.8716895580291748,-0.046361520886421204
149,2017-11-22,,24.053577423095703,,22.241710662841797,1.9078354835510254,-0.09596841037273407
150,2017-11-23,,24.316726684570312,,22.241989135742188,1.9417085647583008,0.13302908837795258
151,2017-11-24,,24.323925018310547,,22.242265701293945,1.9733706712722778,0.1082877665758133
152,2017-11-25,,24.199363708496094,,22.242542266845703,2.002912998199463,-0.04609207063913345
153,2017-11-26,,24.22724151611328,,22.24281883239746,2.0304479598999023,-0.0460270531475544
154,2017-11-27,,24.292339324951172,,22.24309539794922,2.0561115741729736,-0.006867800373584032
155,2017-11-28,,24.277076721191406,,22.24337387084961,2.0800650119781494,-0.046361520886421204
156,2017-11-29,,24.250167846679688,,22.243650436401367,2.1024861335754395,-0.09596841037273407
157,2017-11-30,,24.500530242919922,,22.243927001953125,2.1235735416412354,0.13302908837795258
158,2017-12-01,,24.49603271484375,,22.244205474853516,2.143540382385254,0.1082877665758133
159,2017-12-02,,24.361005783081055,,22.24448013305664,2.1626172065734863,-0.04609207063913345
160,2017-12-03,,24.379772186279297,,22.24475860595703,2.181041955947876,-0.0460270531475544
161,2017-12-04,,24.437232971191406,,22.24503517150879,2.1990652084350586,-0.006867800373584032
162,2017-12-05,,24.415889739990234,,22.245311737060547,2.216940402984619,-0.046361520886421204
163,2017-12-06,,24.38454818725586,,22.245588302612305,2.2349278926849365,-0.09596841037273407
164,2017-12-07,,24.63218116760254,,22.245864868164062,2.253286123275757,0.13302908837795258
165,2017-12-08,,24.626705169677734,,22.246143341064453,2.272273540496826,0.1082877665758133
166,2017-12-09,,24.492467880249023,,22.24641990661621,2.2921414375305176,-0.04609207063913345
167,2017-12-10,,24.513803482055664,,22.24669647216797,2.3131344318389893,-0.0460270531475544
168,2017-12-11,,24.575592041015625,,22.24697494506836,2.335486650466919,-0.006867800373584032
169,2017-12-12,,24.560306549072266,,22.247249603271484,2.3594183921813965,-0.046361520886421204
170,2017-12-13,,24.536693572998047,,22.247528076171875,2.3851351737976074,-0.09596841037273407
171,2017-12-14,,24.793659210205078,,22.247804641723633,2.4128236770629883,0.13302908837795258
172,2017-12-15,,24.79901885986328,,22.24808120727539,2.4426498413085938,0.1082877665758133
173,2017-12-16,,24.677024841308594,,22.24835777282715,2.474759578704834,-0.04609207063913345
174,2017-12-17,,24.711881637573242,,22.248634338378906,2.509273052215576,-0.0460270531475544
175,2017-12-18,,24.788328170776367,,22.248912811279297,2.5462841987609863,-0.006867800373584032
176,2017-12-19,,24.7886905670166,,22.249189376831055,2.585862398147583,-0.046361520886421204
177,2017-12-20,,24.78154754638672,,22.249465942382812,2.6280486583709717,-0.09596841037273407
178,2017-12-21,,25.05562973022461,,22.249744415283203,2.6728556156158447,0.13302908837795258
179,2017-12-22,,25.078575134277344,,22.250019073486328,2.7202670574188232,0.1082877665758133
180,2017-12-23,,24.974441528320312,,22.25029754638672,2.770237445831299,-0.04609207063913345
181,2017-12-24,,25.027240753173828,,22.250574111938477,2.8226935863494873,-0.0460270531475544
182,2017-12-25,,25.121517181396484,,22.250850677490234,2.8775336742401123,-0.006867800373584032
183,2017-12-26,,25.139394760131836,,22.251127243041992,2.93462872505188,-0.046361520886421204
184,2017-12-27,,25.14925765991211,,22.25140380859375,2.993823289871216,-0.09596841037273407
185,2017-12-28,,25.439647674560547,,22.25168228149414,3.0549371242523193,0.13302908837795258
186,2017-12-29,,25.478012084960938,,22.2519588470459,3.1177663803100586,0.1082877665758133
187,2017-12-30,,25.388229370117188,,22.252235412597656,3.1820859909057617,-0.04609207063913345
188,2017-12-31,,25.454137802124023,,22.252513885498047,3.2476515769958496,-0.0460270531475544
189,2018-01-01,,25.560123443603516,,22.252788543701172,3.3142004013061523,-0.006867800373584032
190,2018-01-02,,25.588159561157227,,22.253067016601562,3.381455659866333,-0.046361520886421204
191,2018-01-03,,25.606502532958984,,22.25334358215332,3.4491279125213623,-0.09596841037273407
192,2018-01-04,,25.903568267822266,,22.253620147705078,3.516918659210205,0.13302908837795258
193,2018-01-05,,25.946706771850586,,22.253896713256836,3.5845208168029785,0.1082877665758133
194,2018-01-06,,25.859710693359375,,22.254175186157227,3.6516261100769043,-0.04609207063913345
195,2018-01-07,,25.926345825195312,,22.254451751708984,3.717921733856201,-0.0460270531475544
196,2018-01-08,,26.030960083007812,,22.254728317260742,3.7830984592437744,-0.006867800373584032
197,2018-01-09,,26.055496215820312,,22.2550048828125,3.8468518257141113,-0.046361520886421204
198,2018-01-10,,26.068199157714844,,22.25528335571289,3.908883571624756,-0.09596841037273407
199,2018-01-11,,26.357494354248047,,22.255558013916016,3.9689059257507324,0.13302908837795258
200,2018-01-12,,26.390766143798828,,22.255836486816406,4.026643753051758,0.1082877665758133
201,2018-01-13,,26.291854858398438,,22.25611114501953,4.081836700439453,-0.04609207063913345
202,2018-01-14,,26.3446044921875,,22.256389617919922,4.134241104125977,-0.0460270531475544
203,2018-01-15,,26.433433532714844,,22.25666618347168,4.183633804321289,-0.006867800373584032
204,2018-01-16,,26.44039535522461,,22.256942749023438,4.229814052581787,-0.046361520886421204
205,2018-01-17,,26.433853149414062,,22.257221221923828,4.272599697113037,-0.09596841037273407
206,2018-01-18,,26.702362060546875,,22.257497787475586,4.311837673187256,0.13302908837795258
207,2018-01-19,,26.713459014892578,,22.257774353027344,4.3473968505859375,0.1082877665758133
208,2018-01-20,,26.59113311767578,,22.258052825927734,4.379174709320068,-0.04609207063913345
209,2018-01-21,,26.619396209716797,,22.25832748413086,4.407095432281494,-0.0460270531475544
210,2018-01-22,,26.682846069335938,,22.25860595703125,4.431109428405762,-0.006867800373584032
211,2018-01-23,,26.663715362548828,,22.258882522583008,4.451194763183594,-0.046361520886421204
212,2018-01-24,,26.63054656982422,,22.259159088134766,4.467356204986572,-0.09596841037273407
213,2018-01-25,,26.872093200683594,,22.259435653686523,4.4796271324157715,0.13302908837795258
214,2018-01-26,,26.856063842773438,,22.25971221923828,4.488065242767334,0.1082877665758133
215,2018-01-27,,26.706649780273438,,22.259990692138672,4.492751121520996,-0.04609207063913345
216,2018-01-28,,26.708030700683594,,22.26026725769043,4.493791580200195,-0.0460270531475544
217,2018-01-29,,26.74498748779297,,22.260543823242188,4.491313457489014,-0.006867800373584032
218,2018-01-30,,26.69992446899414,,22.260820388793945,4.4854655265808105,-0.046361520886421204
219,2018-01-31,,26.64154052734375,,22.261096954345703,4.47641134262085,-0.09596841037273407
220,2018-02-01,,26.85873794555664,,22.261375427246094,4.464333534240723,0.13302908837795258
221,2018-02-02,,26.819366455078125,,22.26165008544922,4.449428081512451,0.1082877665758133
222,2018-02-03,,26.647735595703125,,22.26192855834961,4.4319000244140625,-0.04609207063913345
223,2018-02-04,,26.628143310546875,,22.262205123901367,4.411965370178223,-0.0460270531475544
224,2018-02-05,,26.645458221435547,,22.262481689453125,4.389845371246338,-0.006867800373584032
225,2018-02-06,,26.58216094970703,,22.262760162353516,4.365764141082764,-0.046361520886421204
226,2018-02-07,,26.507015228271484,,22.263036727905273,4.339948654174805,-0.09596841037273407
227,2018-02-08,,26.708965301513672,,22.26331329345703,4.3126220703125,0.13302908837795258
228,2018-02-09,,26.6558837890625,,22.263591766357422,4.284005165100098,0.1082877665758133
229,2018-02-10,,26.472084045410156,,22.263866424560547,4.254310607910156,-0.04609207063913345
230,2018-02-11,,26.44186019897461,,22.264144897460938,4.223742485046387,-0.0460270531475544
231,2018-02-12,,26.45004653930664,,22.264419555664062,4.192493915557861,-0.006867800373584032
232,2018-02-13,,26.37908172607422,,22.264698028564453,4.160745143890381,-0.046361520886421204
233,2018-02-14,,26.297664642333984,,22.26497459411621,4.128658294677734,-0.09596841037273407
234,2018-02-15,,26.49466323852539,,22.26525115966797,4.096381187438965,0.13302908837795258
235,2018-02-16,,26.43785858154297,,22.26552963256836,4.064042568206787,0.1082877665758133
236,2018-02-17,,26.25146484375,,22.265806198120117,4.031750202178955,-0.04609207063913345
237,2018-02-18,,26.219646453857422,,22.266082763671875,3.9995920658111572,-0.0460270531475544
238,2018-02-19,,26.227123260498047,,22.266359329223633,3.9676332473754883,-0.006867800373584032
239,2018-02-20,,26.156192779541016,,22.26663589477539,3.9359169006347656,-0.046361520886421204
240,2018-02-21,,26.07541275024414,,22.26691436767578,3.904466390609741,-0.09596841037273407
241,2018-02-22,,26.27349853515625,,22.267189025878906,3.8732783794403076,0.13302908837795258
242,2018-02-23,,26.21808624267578,,22.267467498779297,3.842329740524292,0.1082877665758133
243,2018-02-24,,26.033227920532227,,22.267745971679688,3.8115761280059814,-0.04609207063913345
244,2018-02-25,,26.002944946289062,,22.268020629882812,3.7809512615203857,-0.0460270531475544
245,2018-02-26,,26.011798858642578,,22.268299102783203,3.750369071960449,-0.006867800373584032
246,2018-02-27,,25.941940307617188,,22.26857566833496,3.719726324081421,-0.046361520886421204
247,2018-02-28,,25.861785888671875,,22.26885223388672,3.688901901245117,-0.09596841037273407
248,2018-03-01,,26.059917449951172,,22.269128799438477,3.65775990486145,0.13302908837795258
249,2018-03-02,,26.00384521484375,,22.269405364990234,3.6261510848999023,0.1082877665758133
250,2018-03-03,,25.8175048828125,,22.269683837890625,3.5939152240753174,-0.04609207063913345
251,2018-03-04,,25.78481674194336,,22.26995849609375,3.560883045196533,-0.0460270531475544
252,2018-03-05,,25.790246963500977,,22.27023696899414,3.5268783569335938,-0.006867800373584032
253,2018-03-06,,25.71587371826172,,22.27051544189453,3.4917209148406982,-0.046361520886421204
254,2018-03-07,,25.630050659179688,,22.270790100097656,3.4552290439605713,-0.09596841037273407
255,2018-03-08,,25.82131576538086,,22.271068572998047,3.4172203540802,0.13302908837795258
256,2018-03-09,,25.757150650024414,,22.271345138549805,3.3775181770324707,0.1082877665758133
257,2018-03-10,,25.561479568481445,,22.271621704101562,3.335948944091797,-0.04609207063913345
258,2018-03-11,,25.518220901489258,,22.27189826965332,3.292349100112915,-0.0460270531475544
259,2018-03-12,,25.511871337890625,,22.272174835205078,3.2465639114379883,-0.006867800373584032
260,2018-03-13,,25.424541473388672,,22.27245330810547,3.198451042175293,-0.046361520886421204
261,2018-03-14,,25.32464599609375,,22.272727966308594,3.1478850841522217,-0.09596841037273407
262,2018-03-15,,25.500789642333984,,22.273006439208984,3.0947537422180176,0.13302908837795258
263,2018-03-16,,25.4205379486084,,22.273284912109375,3.0389668941497803,0.1082877665758133
264,2018-03-17,,25.207918167114258,,22.2735595703125,2.9804506301879883,-0.04609207063913345
265,2018-03-18,,25.146963119506836,,22.27383804321289,2.9191534519195557,-0.0460270531475544
266,2018-03-19,,25.122291564941406,,22.274112701416016,2.8550467491149902,-0.006867800373584032
267,2018-03-20,,25.016151428222656,,22.274391174316406,2.7881221771240234,-0.046361520886421204
268,2018-03-21,,24.897098541259766,,22.274667739868164,2.7183990478515625,-0.09596841037273407
269,2018-03-22,,25.053890228271484,,22.274944305419922,2.6459157466888428,0.13302908837795258
270,2018-03-23,,24.954246520996094,,22.275222778320312,2.570737600326538,0.1082877665758133
271,2018-03-24,,24.72235870361328,,22.275497436523438,2.492950916290283,-0.04609207063913345
272,2018-03-25,,24.642414093017578,,22.275775909423828,2.4126665592193604,-0.0460270531475544
273,2018-03-26,,24.599201202392578,,22.27605438232422,2.330017328262329,-0.006867800373584032
274,2018-03-27,,24.47512435913086,,22.276329040527344,2.2451558113098145,-0.046361520886421204
275,2018-03-28,,24.33889389038086,,22.276607513427734,2.158254384994507,-0.09596841037273407
276,2018-03-29,,24.479415893554688,,22.276884078979492,2.0695040225982666,0.13302908837795258
277,2018-03-30,,24.364559173583984,,22.27716064453125,1.9791111946105957,0.1082877665758133
278,2018-03-31,,24.118642807006836,,22.277437210083008,1.8872970342636108,-0.04609207063913345
279,2018-04-01,,24.025981903076172,,22.277713775634766,1.794293999671936,-0.0460270531475544
280,2018-04-02,,23.97146987915039,,22.277992248535156,1.7003456354141235,-0.006867800373584032
281,2018-04-03,,23.837608337402344,,22.27826690673828,1.605700969696045,-0.046361520886421204
282,2018-04-04,,23.693191528320312,,22.278545379638672,1.5106146335601807,-0.09596841037273407
283,2018-04-05,,23.827194213867188,,22.27882194519043,1.415342926979065,0.13302908837795258
284,2018-04-06,,23.707529067993164,,22.279098510742188,1.3201417922973633,0.1082877665758133
285,2018-04-07,,23.458545684814453,,22.279376983642578,1.225262999534607,-0.04609207063913345
286,2018-04-08,,23.364578247070312,,22.279651641845703,1.130953073501587,-0.0460270531475544
287,2018-04-09,,23.31051254272461,,22.279930114746094,1.0374491214752197,-0.006867800373584032
288,2018-04-10,,23.178823471069336,,22.28020668029785,0.944977343082428,-0.046361520886421204
289,2018-04-11,,23.038265228271484,,22.28048324584961,0.8537498116493225,-0.09596841037273407
290,2018-04-12,,23.177753448486328,,22.28076171875,0.7639629244804382,0.13302908837795258
291,2018-04-13,,23.065120697021484,,22.281036376953125,0.6757939457893372,0.1082877665758133
292,2018-04-14,,22.824623107910156,,22.281314849853516,0.5894001722335815,-0.04609207063913345
293,2018-04-15,,22.740482330322266,,22.281593322753906,0.5049166083335876,-0.0460270531475544
294,2018-04-16,,22.69745635986328,,22.28186798095703,0.4224543869495392,-0.006867800373584032
295,2018-04-17,,22.577884674072266,,22.282146453857422,0.3421000838279724,-0.046361520886421204
296,2018-04-18,,22.450366973876953,,22.282421112060547,0.26391345262527466,-0.09596841037273407
297,2018-04-19,,22.603656768798828,,22.282699584960938,0.18792743980884552,0.13302908837795258
298,2018-04-20,,22.505413055419922,,22.282976150512695,0.11414763331413269,0.1082877665758133
299,2018-04-21,,22.279712677001953,,22.283252716064453,0.04255208745598793,-0.04609207063913345
300,2018-04-22,,22.210594177246094,,22.28352928161621,-0.026909004896879196,-0.0460270531475544
301,2018-04-23,,22.182626724243164,,22.28380584716797,-0.09431269019842148,-0.006867800373584032
302,2018-04-24,,22.077960968017578,,22.28408432006836,-0.1597621887922287,-0.046361520886421204
303,2018-04-25,,21.96500587463379,,22.284360885620117,-0.22338616847991943,-0.09596841037273407
304,2018-04-26,,22.1323299407959,,22.284637451171875,-0.2853383421897888,0.13302908837795258
305,2018-04-27,,22.047409057617188,,22.284915924072266,-0.3457941710948944,0.1082877665758133
306,2018-04-28,,21.834148406982422,,22.28519058227539,-0.40495002269744873,-0.04609207063913345
307,2018-04-29,,21.77642059326172,,22.28546905517578,-0.4630218744277954,-0.0460270531475544
308,2018-04-30,,21.758636474609375,,22.28574562072754,-0.5202414989471436,-0.006867800373584032
309,2018-05-01,,21.66280746459961,,22.286022186279297,-0.5768545269966125,-0.046361520886421204
310,2018-05-02,,21.557212829589844,,22.286300659179688,-0.6331186890602112,-0.09596841037273407
311,2018-05-03,,21.73030662536621,,22.286577224731445,-0.689300000667572,0.13302908837795258
312,2018-05-04,,21.649471282958984,,22.286853790283203,-0.7456696033477783,0.1082877665758133
313,2018-05-05,,21.43853759765625,,22.28713035583496,-0.8025019764900208,-0.04609207063913345
314,2018-05-06,,21.381309509277344,,22.28740692138672,-0.8600701093673706,-0.0460270531475544
315,2018-05-07,,21.362171173095703,,22.28768539428711,-0.9186446070671082,-0.006867800373584032
316,2018-05-08,,21.263111114501953,,22.287960052490234,-0.9784882664680481,-0.046361520886421204
317,2018-05-09,,21.152414321899414,,22.288238525390625,-1.0398550033569336,-0.09596841037273407
318,2018-05-10,,21.318559646606445,,22.288515090942383,-1.1029845476150513,0.13302908837795258
319,2018-05-11,,21.22897720336914,,22.28879165649414,-1.168102502822876,0.1082877665758133
320,2018-05-12,,21.00756072998047,,22.2890682220459,-1.2354153394699097,-0.04609207063913345
321,2018-05-13,,20.93821144104004,,22.28934669494629,-1.3051073551177979,-0.0460270531475544
322,2018-05-14,,20.905414581298828,,22.289623260498047,-1.3773411512374878,-0.006867800373584032
323,2018-05-15,,20.79128646850586,,22.289899826049805,-1.4522520303726196,-0.046361520886421204
324,2018-05-16,,20.664260864257812,,22.290176391601562,-1.5299488306045532,-0.09596841037273407
325,2018-05-17,,20.812973022460938,,22.290454864501953,-1.6105093955993652,0.13302908837795258
326,2018-05-18,,20.705036163330078,,22.290729522705078,-1.6939822435379028,0.1082877665758133
327,2018-05-19,,20.464534759521484,,22.29100799560547,-1.7803826332092285,-0.04609207063913345
328,2018-05-20,,20.375564575195312,,22.291284561157227,-1.8696939945220947,-0.0460270531475544
329,2018-05-21,,20.322826385498047,,22.291561126708984,-1.9618663787841797,-0.006867800373584032
330,2018-05-22,,20.188661575317383,,22.291837692260742,-2.0568158626556396,-0.046361520886421204
331,2018-05-23,,20.04172134399414,,22.2921142578125,-2.1544244289398193,-0.09596841037273407
332,2018-05-24,,20.170879364013672,,22.29239273071289,-2.2545437812805176,0.13302908837795258
333,2018-05-25,,20.043964385986328,,22.29266929626465,-2.356991767883301,0.1082877665758133
334,2018-05-26,,19.785297393798828,,22.292945861816406,-2.461555242538452,-0.04609207063913345
335,2018-05-27,,19.679203033447266,,22.293224334716797,-2.5679931640625,-0.0460270531475544
336,2018-05-28,,19.610595703125,,22.293498992919922,-2.6760356426239014,-0.006867800373584032
337,2018-05-29,,19.462026596069336,,22.293777465820312,-2.785388469696045,-0.046361520886421204
338,2018-05-30,,19.302352905273438,,22.29405403137207,-2.895733118057251,-0.09596841037273407
339,2018-05-31,,19.420629501342773,,22.294330596923828,-3.006730794906616,0.13302908837795258
340,2018-06-01,,19.284868240356445,,22.294607162475586,-3.1180269718170166,0.1082877665758133
341,2018-06-02,,19.019542694091797,,22.294885635375977,-3.2292492389678955,-0.04609207063913345
342,2018-06-03,,18.909120559692383,,22.295162200927734,-3.340014934539795,-0.0460270531475544
343,2018-06-04,,18.838638305664062,,22.295438766479492,-3.44993257522583,-0.006867800373584032
344,2018-06-05,,18.690746307373047,,22.29571533203125,-3.558607578277588,-0.046361520886421204
345,2018-06-06,,18.53438377380371,,22.29599380493164,-3.6656408309936523,-0.09596841037273407
346,2018-06-07,,18.658660888671875,,22.296268463134766,-3.7706379890441895,0.13302908837795258
347,2018-06-08,,18.531625747680664,,22.296546936035156,-3.873208522796631,0.1082877665758133
348,2018-06-09,,18.277759552001953,,22.29682159423828,-3.972971200942993,-0.04609207063913345
349,2018-06-10,,18.1815185546875,,22.297100067138672,-4.069555759429932,-0.0460270531475544
350,2018-06-11,,18.127899169921875,,22.29737663269043,-4.162609577178955,-0.006867800373584032
351,2018-06-12,,17.999494552612305,,22.297653198242188,-4.251798152923584,-0.046361520886421204
352,2018-06-13,,17.865154266357422,,22.297931671142578,-4.336807727813721,-0.09596841037273407
353,2018-06-14,,18.013887405395508,,22.298208236694336,-4.417349338531494,0.13302908837795258
354,2018-06-15,,17.913612365722656,,22.298484802246094,-4.493159294128418,0.1082877665758133
355,2018-06-16,,17.688663482666016,,22.298763275146484,-4.564007759094238,-0.04609207063913345
356,2018-06-17,,17.623321533203125,,22.29903793334961,-4.629690647125244,-0.0460270531475544
357,2018-06-18,,17.60240936279297,,22.29931640625,-4.690038204193115,-0.006867800373584032
358,2018-06-19,,17.508312225341797,,22.299592971801758,-4.7449188232421875,-0.046361520886421204
359,2018-06-20,,17.409671783447266,,22.299869537353516,-4.794229984283447,-0.09596841037273407
360,2018-06-21,,17.595264434814453,,22.300148010253906,-4.837910175323486,0.13302908837795258
361,2018-06-22,,17.532779693603516,,22.30042266845703,-4.875931739807129,0.1082877665758133
362,2018-06-23,,17.346302032470703,,22.300701141357422,-4.908305644989014,-0.04609207063913345
363,2018-06-24,,17.319873809814453,,22.30097770690918,-4.935075759887695,-0.0460270531475544
364,2018-06-25,,17.33806037902832,,22.301254272460938,-4.956325531005859,-0.006867800373584032
365,2018-06-26,,17.28299903869629,,22.301530838012695,-4.972170829772949,-0.046361520886421204
366,2018-06-27,,17.223079681396484,,22.301807403564453,-4.982759475708008,-0.09596841037273407
367,2018-06-28,,17.446840286254883,,22.302085876464844,-4.9882731437683105,0.13302908837795258
368,2018-06-29,,17.421728134155273,,22.30236053466797,-4.988922119140625,0.1082877665758133
369,2018-06-30,,17.271604537963867,,22.30263900756836,-4.98494291305542,-0.04609207063913345
370,2018-07-01,,17.280288696289062,,22.30291748046875,-4.976600646972656,-0.0460270531475544
371,2018-07-02,,17.33214569091797,,22.303192138671875,-4.964178562164307,-0.006867800373584032
372,2018-07-03,,17.309125900268555,,22.303470611572266,-4.9479827880859375,-0.046361520886421204
373,2018-07-04,,17.279447555541992,,22.303747177124023,-4.9283318519592285,-0.09596841037273407
374,2018-07-05,,17.531494140625,,22.30402374267578,-4.905559062957764,0.13302908837795258
375,2018-07-06,,17.532581329345703,,22.304302215576172,-4.880009174346924,0.1082877665758133
376,2018-07-07,,17.406455993652344,,22.304576873779297,-4.852029800415039,-0.04609207063913345
377,2018-07-08,,17.436853408813477,,22.304855346679688,-4.821974277496338,-0.0460270531475544
378,2018-07-09,,17.50806999206543,,22.305130004882812,-4.790194034576416,-0.006867800373584032
379,2018-07-10,,17.502012252807617,,22.305408477783203,-4.757035255432129,-0.046361520886421204
380,2018-07-11,,17.486879348754883,,22.305686950683594,-4.722838401794434,-0.09596841037273407
381,2018-07-12,,17.75105857849121,,22.30596160888672,-4.687932014465332,0.13302908837795258
382,2018-07-13,,17.76189613342285,,22.30624008178711,-4.652630805969238,0.1082877665758133
383,2018-07-14,,17.643192291259766,,22.306516647338867,-4.6172332763671875,-0.04609207063913345
384,2018-07-15,,17.678749084472656,,22.306793212890625,-4.5820159912109375,-0.0460270531475544
385,2018-07-16,,17.75296401977539,,22.307069778442383,-4.547237396240234,-0.006867800373584032
386,2018-07-17,,17.747859954833984,,22.30734634399414,-4.513126373291016,-0.046361520886421204
387,2018-07-18,,17.731765747070312,,22.30762481689453,-4.479888916015625,-0.09596841037273407
388,2018-07-19,,17.993228912353516,,22.307899475097656,-4.447700023651123,0.13302908837795258
389,2018-07-20,,17.9997615814209,,22.308177947998047,-4.41670560836792,0.1082877665758133
390,2018-07-21,,17.875343322753906,,22.308456420898438,-4.387020111083984,-0.04609207063913345
391,2018-07-22,,17.903976440429688,,22.308731079101562,-4.35872745513916,-0.0460270531475544
392,2018-07-23,,17.97026252746582,,22.309009552001953,-4.331878185272217,-0.006867800373584032
393,2018-07-24,,17.956436157226562,,22.30928611755371,-4.306488513946533,-0.046361520886421204
394,2018-07-25,,17.931049346923828,,22.30956268310547,-4.282546043395996,-0.09596841037273407
395,2018-07-26,,18.182865142822266,,22.309839248657227,-4.260004043579102,0.13302908837795258
396,2018-07-27,,18.17962074279785,,22.310115814208984,-4.238784313201904,0.1082877665758133
397,2018-07-28,,18.045520782470703,,22.310394287109375,-4.218780994415283,-0.04609207063913345
398,2018-07-29,,18.06478500366211,,22.3106689453125,-4.199858665466309,-0.0460270531475544
399,2018-07-30,,18.122222900390625,,22.31094741821289,-4.181856155395508,-0.006867800373584032
400,2018-07-31,,18.10027503967285,,22.31122589111328,-4.164588451385498,-0.046361520886421204
401,2018-08-01,,18.067686080932617,,22.311500549316406,-4.1478471755981445,-0.09596841037273407
402,2018-08-02,,18.313400268554688,,22.311779022216797,-4.131406307220459,0.13302908837795258
403,2018-08-03,,18.305322647094727,,22.312055587768555,-4.115020751953125,0.1082877665758133
404,2018-08-04,,18.16780662536621,,22.312332153320312,-4.0984344482421875,-0.04609207063913345
405,2018-08-05,,18.185203552246094,,22.31260871887207,-4.081378936767578,-0.0460270531475544
406,2018-08-06,,18.24243927001953,,22.312885284423828,-4.063579082489014,-0.006867800373584032
407,2018-08-07,,18.2220458984375,,22.31316375732422,-4.044754981994629,-0.046361520886421204
408,2018-08-08,,18.19284439086914,,22.313438415527344,-4.024627208709717,-0.09596841037273407
409,2018-08-09,,18.443830490112305,,22.313716888427734,-4.00291633605957,0.13302908837795258
410,2018-08-10,,18.44293212890625,,22.313995361328125,-3.9793505668640137,0.1082877665758133
411,2018-08-11,,18.314512252807617,,22.31427001953125,-3.9536666870117188,-0.04609207063913345
412,2018-08-12,,18.34290885925293,,22.31454849243164,-3.925611972808838,-0.0460270531475544
413,2018-08-13,,18.413005828857422,,22.3148250579834,-3.8949506282806396,-0.006867800373584032
414,2018-08-14,,18.407278060913086,,22.315101623535156,-3.8614628314971924,-0.046361520886421204
415,2018-08-15,,18.394458770751953,,22.315378189086914,-3.8249499797821045,-0.09596841037273407
416,2018-08-16,,18.663448333740234,,22.315654754638672,-3.7852365970611572,0.13302908837795258
417,2018-08-17,,18.682048797607422,,22.315933227539062,-3.7421703338623047,0.1082877665758133
418,2018-08-18,,18.57448959350586,,22.316207885742188,-3.6956284046173096,-0.04609207063913345
419,2018-08-19,,18.624942779541016,,22.316486358642578,-3.645514488220215,-0.0460270531475544
420,2018-08-20,,18.718135833740234,,22.31676483154297,-3.5917608737945557,-0.006867800373584032
421,2018-08-21,,18.736343383789062,,22.317039489746094,-3.5343339443206787,-0.046361520886421204
422,2018-08-22,,18.748119354248047,,22.317317962646484,-3.473228931427002,-0.09596841037273407
423,2018-08-23,,19.042150497436523,,22.317594528198242,-3.408473014831543,0.13302908837795258
424,2018-08-24,,19.08603286743164,,22.31787109375,-3.3401267528533936,0.1082877665758133
425,2018-08-25,,19.00377655029297,,22.318147659301758,-3.2682788372039795,-0.04609207063913345
426,2018-08-26,,19.079345703125,,22.318424224853516,-3.193053722381592,-0.0460270531475544
427,2018-08-27,,19.197233200073242,,22.318702697753906,-3.114600658416748,-0.006867800373584032
428,2018-08-28,,19.239517211914062,,22.318979263305664,-3.0331006050109863,-0.046361520886421204
429,2018-08-29,,19.274526596069336,,22.319255828857422,-2.9487600326538086,-0.09596841037273407
430,2018-08-30,,19.590749740600586,,22.31953239440918,-2.861811637878418,0.13302908837795258
431,2018-08-31,,19.65558624267578,,22.319808959960938,-2.7725112438201904,0.1082877665758133
432,2018-09-01,,19.59286117553711,,22.320087432861328,-2.6811325550079346,-0.04609207063913345
433,2018-09-02,,19.686363220214844,,22.320362091064453,-2.5879716873168945,-0.0460270531475544
434,2018-09-03,,19.820436477661133,,22.320640563964844,-2.4933364391326904,-0.006867800373584032
435,2018-09-04,,19.87700653076172,,22.3209171295166,-2.3975491523742676,-0.046361520886421204
436,2018-09-05,,19.924285888671875,,22.32119369506836,-2.300940752029419,-0.09596841037273407
437,2018-09-06,,20.250652313232422,,22.32147216796875,-2.2038493156433105,0.13302908837795258
438,2018-09-07,,20.323421478271484,,22.321748733520508,-2.106614351272583,0.1082877665758133
439,2018-09-08,,20.266357421875,,22.322025299072266,-2.0095767974853516,-0.04609207063913345
440,2018-09-09,,20.363201141357422,,22.322303771972656,-1.9130733013153076,-0.0460270531475544
441,2018-09-10,,20.498275756835938,,22.32257843017578,-1.817435383796692,-0.006867800373584032
442,2018-09-11,,20.553512573242188,,22.322856903076172,-1.7229833602905273,-0.046361520886421204
443,2018-09-12,,20.597139358520508,,22.323131561279297,-1.6300255060195923,-0.09596841037273407
444,2018-09-13,,20.917583465576172,,22.323410034179688,-1.5388540029525757,0.13302908837795258
445,2018-09-14,,20.982229232788086,,22.323686599731445,-1.4497452974319458,0.1082877665758133
446,2018-09-15,,20.914920806884766,,22.323963165283203,-1.3629521131515503,-0.04609207063913345
447,2018-09-16,,20.999507904052734,,22.32423973083496,-1.2787059545516968,-0.0460270531475544
448,2018-09-17,,21.120437622070312,,22.32451820373535,-1.19721257686615,-0.006867800373584032
449,2018-09-18,,21.15978240966797,,22.32479476928711,-1.1186515092849731,-0.046361520886421204
450,2018-09-19,,21.185928344726562,,22.325071334838867,-1.04317307472229,-0.09596841037273407
451,2018-09-20,,21.487478256225586,,22.325347900390625,-0.9708991050720215,0.13302908837795258
452,2018-09-21,,21.531993865966797,,22.325626373291016,-0.9019198417663574,0.1082877665758133
453,2018-09-22,,21.44351577758789,,22.32590103149414,-0.836295485496521,-0.04609207063913345
454,2018-09-23,,21.506099700927734,,22.32617950439453,-0.7740541696548462,-0.0460270531475544
455,2018-09-24,,21.604394912719727,,22.32645606994629,-0.7151930332183838,-0.006867800373584032
456,2018-09-25,,21.62069320678711,,22.326732635498047,-0.6596782803535461,-0.046361520886421204
457,2018-09-26,,21.62359619140625,,22.327011108398438,-0.6074454188346863,-0.09596841037273407
458,2018-09-27,,21.901914596557617,,22.327287673950195,-0.5584011077880859,0.13302908837795258
459,2018-09-28,,21.92342758178711,,22.327564239501953,-0.5124232172966003,0.1082877665758133
460,2018-09-29,,21.81238555908203,,22.32784080505371,-0.469364196062088,-0.04609207063913345
461,2018-09-30,,21.853038787841797,,22.32811737060547,-0.4290512204170227,-0.0460270531475544
462,2018-10-01,,21.930238723754883,,22.32839584350586,-0.3912883996963501,-0.006867800373584032
463,2018-10-02,,21.926448822021484,,22.328670501708984,-0.35586026310920715,-0.046361520886421204
464,2018-10-03,,21.910446166992188,,22.328948974609375,-0.3225332200527191,-0.09596841037273407
465,2018-10-04,,22.17119598388672,,22.329225540161133,-0.29105809330940247,0.13302908837795258
466,2018-10-05,,22.176616668701172,,22.32950210571289,-0.2611734867095947,0.1082877665758133
467,2018-10-06,,22.05107879638672,,22.32977867126465,-0.23260876536369324,-0.04609207063913345
468,2018-10-07,,22.07894515991211,,22.33005714416504,-0.20508606731891632,-0.0460270531475544
469,2018-10-08,,22.1451416015625,,22.330333709716797,-0.1783243864774704,-0.006867800373584032
470,2018-10-09,,22.132205963134766,,22.330610275268555,-0.15204210579395294,-0.046361520886421204
471,2018-10-10,,22.108959197998047,,22.330886840820312,-0.12595967948436737,-0.09596841037273407
472,2018-10-11,,22.364389419555664,,22.331165313720703,-0.09980345517396927,0.13302908837795258
473,2018-10-12,,22.36642074584961,,22.331439971923828,-0.07330804318189621,0.1082877665758133
474,2018-10-13,,22.23940658569336,,22.33171844482422,-0.046218883246183395,-0.04609207063913345
475,2018-10-14,,22.26767349243164,,22.331995010375977,-0.018295271322131157,-0.0460270531475544
476,2018-10-15,,22.336091995239258,,22.332271575927734,0.010687037371098995,-0.006867800373584032
477,2018-10-16,,22.32712173461914,,22.332548141479492,0.04093444347381592,-0.046361520886421204
478,2018-10-17,,22.309490203857422,,22.332826614379883,0.07263240218162537,-0.09596841037273407
479,2018-10-18,,22.57207489013672,,22.33310317993164,0.10594376176595688,0.13302908837795258
480,2018-10-19,,22.58267593383789,,22.3333797454834,0.14100812375545502,0.1082877665758133
481,2018-10-20,,22.465503692626953,,22.333656311035156,0.17793923616409302,-0.04609207063913345
482,2018-10-21,,22.504732131958008,,22.333934783935547,0.21682561933994293,-0.0460270531475544
483,2018-10-22,,22.585071563720703,,22.334209442138672,0.25772735476493835,-0.006867800373584032
484,2018-10-23,,22.588804244995117,,22.334487915039062,0.3006786108016968,-0.046361520886421204
485,2018-10-24,,22.58448028564453,,22.33476448059082,0.3456851541996002,-0.09596841037273407
486,2018-10-25,,22.860795974731445,,22.335041046142578,0.3927260935306549,0.13302908837795258
487,2018-10-26,,22.885360717773438,,22.33531951904297,0.44175365567207336,0.1082877665758133
488,2018-10-27,,22.782196044921875,,22.335596084594727,0.4926932752132416,-0.04609207063913345
489,2018-10-28,,22.83529281616211,,22.335872650146484,0.5454469919204712,-0.0460270531475544
490,2018-10-29,,22.92917251586914,,22.336149215698242,0.5998920798301697,-0.006867800373584032
491,2018-10-30,,22.94594955444336,,22.33642578125,0.6558840870857239,-0.046361520886421204
492,2018-10-31,,22.953994750976562,,22.33670425415039,0.7132588028907776,-0.09596841037273407
493,2018-11-01,,23.24184226989746,,22.336978912353516,0.7718333601951599,0.13302908837795258
494,2018-11-02,,23.276954650878906,,22.337257385253906,0.8314098119735718,0.1082877665758133
495,2018-11-03,,23.18321990966797,,22.337533950805664,0.8917760848999023,-0.04609207063913345
496,2018-11-04,,23.24449348449707,,22.337810516357422,0.9527094960212708,-0.0460270531475544
497,2018-11-05,,23.345199584960938,,22.338088989257812,1.0139793157577515,-0.006867800373584032
498,2018-11-06,,23.367351531982422,,22.338363647460938,1.0753493309020996,-0.046361520886421204
499,2018-11-07,,23.379253387451172,,22.338642120361328,1.136580228805542,-0.09596841037273407
500,2018-11-08,,23.66938018798828,,22.338918685913086,1.197433590888977,0.13302908837795258
501,2018-11-09,,23.705158233642578,,22.339195251464844,1.2576738595962524,0.1082877665758133
502,2018-11-10,,23.610450744628906,,22.339473724365234,1.3170708417892456,-0.04609207063913345
503,2018-11-11,,23.669124603271484,,22.33974838256836,1.375402808189392,-0.0460270531475544
504,2018-11-12,,23.7656192779541,,22.34002685546875,1.4324604272842407,-0.006867800373584032
505,2018-11-13,,23.7819881439209,,22.340303421020508,1.4880460500717163,-0.046361520886421204
506,2018-11-14,,23.786590576171875,,22.340579986572266,1.5419793128967285,-0.09596841037273407
507,2018-11-15,,24.06798553466797,,22.340858459472656,1.5940978527069092,0.13302908837795258
508,2018-11-16,,24.09368133544922,,22.341135025024414,1.6442577838897705,0.1082877665758133
509,2018-11-17,,23.987659454345703,,22.341411590576172,1.692339539527893,-0.04609207063913345
510,2018-11-18,,24.033905029296875,,22.34168815612793,1.7382442951202393,-0.0460270531475544
511,2018-11-19,,24.11699676513672,,22.341964721679688,1.781899094581604,-0.006867800373584032
512,2018-11-20,,24.119136810302734,,22.342243194580078,1.8232561349868774,-0.046361520886421204
513,2018-11-21,,24.108844757080078,,22.342517852783203,1.862293004989624,-0.09596841037273407
514,2018-11-22,,24.374839782714844,,22.342796325683594,1.8990139961242676,0.13302908837795258
515,2018-11-23,,24.384811401367188,,22.34307098388672,1.9334498643875122,0.1082877665758133
516,2018-11-24,,24.262916564941406,,22.34334945678711,1.9656580686569214,-0.04609207063913345
517,2018-11-25,,24.293319702148438,,22.3436279296875,1.995720386505127,-0.0460270531475544
518,2018-11-26,,24.360780715942383,,22.343902587890625,2.023744821548462,-0.006867800373584032
519,2018-11-27,,24.34768295288086,,22.344181060791016,2.0498626232147217,-0.046361520886421204
520,2018-11-28,,24.322715759277344,,22.344457626342773,2.0742273330688477,-0.09596841037273407
521,2018-11-29,,24.57477569580078,,22.34473419189453,2.0970139503479004,0.13302908837795258
522,2018-11-30,,24.571714401245117,,22.345012664794922,2.118415117263794,0.1082877665758133
523,2018-12-01,,24.43783950805664,,22.345287322998047,2.138641595840454,-0.04609207063913345
524,2018-12-02,,24.45745849609375,,22.345565795898438,2.157918930053711,-0.0460270531475544
525,2018-12-03,,24.515457153320312,,22.345844268798828,2.176483631134033,-0.006867800373584032
526,2018-12-04,,24.494340896606445,,22.346118927001953,2.194582939147949,-0.046361520886421204
527,2018-12-05,,24.46289825439453,,22.346397399902344,2.2124714851379395,-0.09596841037273407
528,2018-12-06,,24.710105895996094,,22.34667205810547,2.2304060459136963,0.13302908837795258
529,2018-12-07,,24.703887939453125,,22.34695053100586,2.248647928237915,0.1082877665758133
530,2018-12-08,,24.568588256835938,,22.347227096557617,2.267453908920288,-0.04609207063913345
531,2018-12-09,,24.58855438232422,,22.347503662109375,2.2870781421661377,-0.0460270531475544
532,2018-12-10,,24.648679733276367,,22.347780227661133,2.307767391204834,-0.006867800373584032
533,2018-12-11,,24.631454467773438,,22.34805679321289,2.329759359359741,-0.046361520886421204
534,2018-12-12,,24.605642318725586,,22.34833526611328,2.353276014328003,-0.09596841037273407
535,2018-12-13,,24.86016845703125,,22.348609924316406,2.378527879714966,0.13302908837795258
536,2018-12-14,,24.862884521484375,,22.348888397216797,2.4057071208953857,0.1082877665758133
537,2018-12-15,,24.73805809020996,,22.349166870117188,2.4349849224090576,-0.04609207063913345
538,2018-12-16,,24.769927978515625,,22.349441528320312,2.4665117263793945,-0.0460270531475544
539,2018-12-17,,24.843265533447266,,22.349720001220703,2.500413179397583,-0.006867800373584032
540,2018-12-18,,24.84042739868164,,22.34999656677246,2.536792755126953,-0.046361520886421204
541,2018-12-19,,24.83003044128418,,22.35027313232422,2.5757248401641846,-0.09596841037273407
542,2018-12-20,,25.10083770751953,,22.35055160522461,2.6172566413879395,0.13302908837795258
543,2018-12-21,,25.12052345275879,,22.350826263427734,2.6614081859588623,0.1082877665758133
544,2018-12-22,,25.01318359375,,22.351104736328125,2.708171844482422,-0.04609207063913345
545,2018-12-23,,25.062862396240234,,22.35137939453125,2.7575085163116455,-0.0460270531475544
546,2018-12-24,,25.154142379760742,,22.35165786743164,2.809351682662964,-0.006867800373584032
547,2018-12-25,,25.169179916381836,,22.35193634033203,2.8636066913604736,-0.046361520886421204
548,2018-12-26,,25.176395416259766,,22.352210998535156,2.920151710510254,-0.09596841037273407
549,2018-12-27,,25.46435546875,,22.352489471435547,2.978837251663208,0.13302908837795258
550,2018-12-28,,25.50054359436035,,22.352766036987305,3.039489507675171,0.1082877665758133
551,2018-12-29,,25.40886116027832,,22.353042602539062,3.1019105911254883,-0.04609207063913345
552,2018-12-30,,25.47317123413086,,22.35331916809082,3.165879249572754,-0.0460270531475544
553,2018-12-31,,25.5778865814209,,22.353595733642578,3.2311575412750244,-0.006867800373584032
554,2019-01-01,,25.604999542236328,,22.35387420654297,3.2974860668182373,-0.046361520886421204
555,2019-01-02,,25.622774124145508,,22.354150772094727,3.364591598510742,-0.09596841037273407
556,2019-01-03,,25.91964340209961,,22.354427337646484,3.432187080383301,0.13302908837795258
557,2019-01-04,,25.962968826293945,,22.354705810546875,3.499976396560669,0.1082877665758133
558,2019-01-05,,25.876544952392578,,22.35498046875,3.567654848098755,-0.04609207063913345
559,2019-01-06,,25.94414520263672,,22.35525894165039,3.634913444519043,-0.0460270531475544
560,2019-01-07,,26.050107955932617,,22.35553550720215,3.7014405727386475,-0.006867800373584032
561,2019-01-08,,26.076377868652344,,22.355812072753906,3.7669260501861572,-0.046361520886421204
562,2019-01-09,,26.091182708740234,,22.356088638305664,3.8310635089874268,-0.09596841037273407
563,2019-01-10,,26.382946014404297,,22.356365203857422,3.8935532569885254,0.13302908837795258
564,2019-01-11,,26.41903305053711,,22.356643676757812,3.95410418510437,0.1082877665758133
565,2019-01-12,,26.323265075683594,,22.35692024230957,4.01243782043457,-0.04609207063913345
566,2019-01-13,,26.379459381103516,,22.357196807861328,4.068290710449219,-0.0460270531475544
567,2019-01-14,,26.47201919555664,,22.35747528076172,4.1214141845703125,-0.006867800373584032
568,2019-01-15,,26.482967376708984,,22.357749938964844,4.171579837799072,-0.046361520886421204
569,2019-01-16,,26.480636596679688,,22.358028411865234,4.2185797691345215,-0.09596841037273407
570,2019-01-17,,26.753562927246094,,22.358304977416992,4.262230396270752,0.13302908837795258
571,2019-01-18,,26.769237518310547,,22.35858154296875,4.3023681640625,0.1082877665758133
572,2019-01-19,,26.651622772216797,,22.358858108520508,4.338858127593994,-0.04609207063913345
573,2019-01-20,,26.68470001220703,,22.359134674072266,4.371589660644531,-0.0460270531475544
574,2019-01-21,,26.75302505493164,,22.359413146972656,4.400480270385742,-0.006867800373584032
575,2019-01-22,,26.738800048828125,,22.359689712524414,4.425473690032959,-0.046361520886421204
576,2019-01-23,,26.710540771484375,,22.359966278076172,4.446541786193848,-0.09596841037273407
577,2019-01-24,,26.956954956054688,,22.360244750976562,4.463682651519775,0.13302908837795258
578,2019-01-25,,26.945728302001953,,22.360519409179688,4.476921558380127,0.1082877665758133
579,2019-01-26,,26.80101776123047,,22.360797882080078,4.4863104820251465,-0.04609207063913345
580,2019-01-27,,26.80697250366211,,22.361072540283203,4.491925239562988,-0.0460270531475544
581,2019-01-28,,26.848350524902344,,22.361351013183594,4.493866920471191,-0.006867800373584032
582,2019-01-29,,26.80752182006836,,22.36162757873535,4.492254734039307,-0.046361520886421204
583,2019-01-30,,26.753170013427734,,22.36190414428711,4.487234592437744,-0.09596841037273407
584,2019-01-31,,26.974178314208984,,22.3621826171875,4.478965759277344,0.13302908837795258
585,2019-02-01,,26.938373565673828,,22.362459182739258,4.467626571655273,0.1082877665758133
586,2019-02-02,,26.77005386352539,,22.362735748291016,4.453408718109131,-0.04609207063913345
587,2019-02-03,,26.753501892089844,,22.363014221191406,4.436516761779785,-0.0460270531475544
588,2019-02-04,,26.77358627319336,,22.36328887939453,4.4171624183654785,-0.006867800373584032
589,2019-02-05,,26.712772369384766,,22.363567352294922,4.395567893981934,-0.046361520886421204
590,2019-02-06,,26.63983154296875,,22.36384391784668,4.371955871582031,-0.09596841037273407
591,2019-02-07,,26.843704223632812,,22.364120483398438,4.346552848815918,0.13302908837795258
592,2019-02-08,,26.792266845703125,,22.364397048950195,4.319582939147949,0.1082877665758133
593,2019-02-09,,26.609851837158203,,22.364673614501953,4.291268825531006,-0.04609207063913345
594,2019-02-10,,26.58074951171875,,22.364952087402344,4.261823654174805,-0.0460270531475544
595,2019-02-11,,26.58981704711914,,22.3652286529541,4.2314558029174805,-0.006867800373584032
596,2019-02-12,,26.51950454711914,,22.36550521850586,4.20035982131958,-0.046361520886421204
597,2019-02-13,,26.438533782958984,,22.365781784057617,4.16871976852417,-0.09596841037273407
598,2019-02-14,,26.635791778564453,,22.366058349609375,4.136703014373779,0.13302908837795258
599,2019-02-15,,26.579086303710938,,22.366336822509766,4.104461193084717,0.1082877665758133
600,2019-02-16,,26.39264678955078,,22.36661148071289,4.072126865386963,-0.04609207063913345
601,2019-02-17,,26.360675811767578,,22.36688995361328,4.03981351852417,-0.0460270531475544
602,2019-02-18,,26.367916107177734,,22.36716651916504,4.007614612579346,-0.006867800373584032
603,2019-02-19,,26.29668426513672,,22.367443084716797,3.9756014347076416,-0.046361520886421204
604,2019-02-20,,26.215576171875,,22.367721557617188,3.9438226222991943,-0.09596841037273407
605,2019-02-21,,26.413330078125,,22.367998123168945,3.912304162979126,0.13302908837795258
606,2019-02-22,,26.35761260986328,,22.368274688720703,3.881052017211914,0.1082877665758133
607,2019-02-23,,26.172508239746094,,22.368553161621094,3.8500468730926514,-0.04609207063913345
608,2019-02-24,,26.142051696777344,,22.36882781982422,3.8192498683929443,-0.0460270531475544
609,2019-02-25,,26.150836944580078,,22.36910629272461,3.788599967956543,-0.006867800373584032
610,2019-02-26,,26.081035614013672,,22.369380950927734,3.7580156326293945,-0.046361520886421204
611,2019-02-27,,26.00109100341797,,22.369659423828125,3.7273988723754883,-0.09596841037273407
612,2019-02-28,,26.19959831237793,,22.369935989379883,3.696632146835327,0.13302908837795258
613,2019-03-01,,26.14408302307129,,22.37021255493164,3.6655826568603516,0.1082877665758133
614,2019-03-02,,25.95850372314453,,22.37049102783203,3.634105682373047,-0.04609207063913345
615,2019-03-03,,25.926782608032227,,22.37076759338379,3.6020421981811523,-0.0460270531475544
616,2019-03-04,,25.933401107788086,,22.371044158935547,3.5692250728607178,-0.006867800373584032
617,2019-03-05,,25.86043930053711,,22.371320724487305,3.53548002243042,-0.046361520886421204
618,2019-03-06,,25.776256561279297,,22.371597290039062,3.5006279945373535,-0.09596841037273407
619,2019-03-07,,25.969390869140625,,22.371875762939453,3.464486598968506,0.13302908837795258
620,2019-03-08,,25.90731430053711,,22.372150421142578,3.4268746376037598,0.1082877665758133
621,2019-03-09,,25.71394920349121,,22.37242889404297,3.3876121044158936,-0.04609207063913345
622,2019-03-10,,25.67320442199707,,22.372705459594727,3.3465254306793213,-0.0460270531475544
623,2019-03-11,,25.66956329345703,,22.372982025146484,3.303447961807251,-0.006867800373584032
624,2019-03-12,,25.585121154785156,,22.373260498046875,3.258222818374634,-0.046361520886421204
625,2019-03-13,,25.48827362060547,,22.373537063598633,3.2107045650482178,-0.09596841037273407
626,2019-03-14,,25.667606353759766,,22.37381362915039,3.1607627868652344,0.13302908837795258
627,2019-03-15,,25.590660095214844,,22.37409019470215,3.1082828044891357,0.1082877665758133
628,2019-03-16,,25.38144302368164,,22.374366760253906,3.0531673431396484,-0.04609207063913345
629,2019-03-17,,25.323955535888672,,22.374645233154297,2.9953384399414062,-0.0460270531475544
630,2019-03-18,,25.302793502807617,,22.374919891357422,2.9347405433654785,-0.006867800373584032
631,2019-03-19,,25.200172424316406,,22.375198364257812,2.8713371753692627,-0.046361520886421204
632,2019-03-20,,25.084625244140625,,22.375476837158203,2.805117130279541,-0.09596841037273407
633,2019-03-21,,25.244871139526367,,22.375751495361328,2.7360904216766357,0.13302908837795258
634,2019-03-22,,25.148609161376953,,22.37602996826172,2.664292097091675,0.1082877665758133
635,2019-03-23,,24.919994354248047,,22.376306533813477,2.58978009223938,-0.04609207063913345
636,2019-03-24,,24.84319305419922,,22.376583099365234,2.512636184692383,-0.0460270531475544
637,2019-03-25,,24.802955627441406,,22.376859664916992,2.432965040206909,-0.006867800373584032
638,2019-03-26,,24.681669235229492,,22.37713623046875,2.350893259048462,-0.046361520886421204
639,2019-03-27,,24.548015594482422,,22.37741470336914,2.2665696144104004,-0.09596841037273407
640,2019-03-28,,24.690879821777344,,22.377689361572266,2.1801609992980957,0.13302908837795258
641,2019-03-29,,24.578109741210938,,22.377967834472656,2.0918538570404053,0.1082877665758133
642,2019-03-30,,24.334003448486328,,22.378246307373047,2.0018515586853027,-0.04609207063913345
643,2019-03-31,,24.24286651611328,,22.378520965576172,1.9103710651397705,-0.0460270531475544
644,2019-04-01,,24.189573287963867,,22.378799438476562,1.8176432847976685,-0.006867800373584032
645,2019-04-02,,24.056621551513672,,22.37907600402832,1.7239079475402832,-0.046361520886421204
646,2019-04-03,,23.912797927856445,,22.379352569580078,1.6294137239456177,-0.09596841037273407
647,2019-04-04,,24.047073364257812,,22.379629135131836,1.5344140529632568,0.13302908837795258
648,2019-04-05,,23.927356719970703,,22.379905700683594,1.439164400100708,0.1082877665758133
649,2019-04-06,,23.67801284790039,,22.380184173583984,1.3439215421676636,-0.04609207063913345
650,2019-04-07,,23.583372116088867,,22.38045883178711,1.2489389181137085,-0.0460270531475544
651,2019-04-08,,23.528331756591797,,22.3807373046875,1.1544636487960815,-0.006867800373584032
652,2019-04-09,,23.395389556884766,,22.38101577758789,1.060736894607544,-0.046361520886421204
653,2019-04-10,,23.25330924987793,,22.381290435791016,0.9679867029190063,-0.09596841037273407
654,2019-04-11,,23.39102554321289,,22.381568908691406,0.8764291405677795,0.13302908837795258
655,2019-04-12,,23.276397705078125,,22.381845474243164,0.7862647175788879,0.1082877665758133
656,2019-04-13,,23.033706665039062,,22.382122039794922,0.6976754665374756,-0.04609207063913345
657,2019-04-14,,22.94719696044922,,22.38239860534668,0.610824465751648,-0.0460270531475544
658,2019-04-15,,22.901660919189453,,22.382675170898438,0.5258519649505615,-0.006867800373584032
659,2019-04-16,,22.77946662902832,,22.382953643798828,0.4428754150867462,-0.046361520886421204
660,2019-04-17,,22.649250030517578,,22.383228302001953,0.36198729276657104,-0.09596841037273407
661,2019-04-18,,22.799789428710938,,22.383506774902344,0.2832545340061188,0.13302908837795258
662,2019-04-19,,22.698787689208984,,22.383785247802734,0.20671676099300385,0.1082877665758133
663,2019-04-20,,22.470355987548828,,22.38405990600586,0.13238662481307983,-0.04609207063913345
664,2019-04-21,,22.3985595703125,,22.38433837890625,0.060248441994190216,-0.0460270531475544
665,2019-04-22,,22.368005752563477,,22.384613037109375,-0.00974008534103632,-0.006867800373584032
666,2019-04-23,,22.260881423950195,,22.384891510009766,-0.07764946669340134,-0.046361520886421204
667,2019-04-24,,22.1456241607666,,22.385168075561523,-0.1435762494802475,-0.09596841037273407
668,2019-04-25,,22.31083106994629,,22.38544464111328,-0.20764337480068207,0.13302908837795258
669,2019-04-26,,22.224010467529297,,22.385723114013672,-0.2699980139732361,0.1082877665758133
670,2019-04-27,,22.009098052978516,,22.385997772216797,-0.3308102488517761,-0.04609207063913345
671,2019-04-28,,21.94997787475586,,22.386276245117188,-0.39027148485183716,-0.0460270531475544
672,2019-04-29,,21.931093215942383,,22.386554718017578,-0.44859322905540466,-0.006867800373584032
673,2019-04-30,,21.83446502685547,,22.386829376220703,-0.5060033798217773,-0.046361520886421204
674,2019-05-01,,21.7283935546875,,22.387107849121094,-0.5627442598342896,-0.09596841037273407
675,2019-05-02,,21.901342391967773,,22.38738441467285,-0.6190710663795471,0.13302908837795258
676,2019-05-03,,21.820701599121094,,22.38766098022461,-0.6752477884292603,0.1082877665758133
677,2019-05-04,,21.610301971435547,,22.387937545776367,-0.7315444350242615,-0.04609207063913345
678,2019-05-05,,21.553951263427734,,22.388214111328125,-0.7882353663444519,-0.0460270531475544
679,2019-05-06,,21.536029815673828,,22.388492584228516,-0.8455943465232849,-0.006867800373584032
680,2019-05-07,,21.438514709472656,,22.38876724243164,-0.9038919806480408,-0.046361520886421204
681,2019-05-08,,21.329681396484375,,22.38904571533203,-0.9633943438529968,-0.09596841037273407
682,2019-05-09,,21.49799346923828,,22.38932228088379,-1.0243569612503052,0.13302908837795258
683,2019-05-10,,21.41086196899414,,22.389598846435547,-1.087024211883545,0.1082877665758133
684,2019-05-11,,21.192157745361328,,22.389877319335938,-1.151625156402588,-0.04609207063913345
685,2019-05-12,,21.125755310058594,,22.390151977539062,-1.2183705568313599,-0.0460270531475544
686,2019-05-13,,21.096111297607422,,22.390430450439453,-1.287452220916748,-0.006867800373584032
687,2019-05-14,,20.985309600830078,,22.39070701599121,-1.3590368032455444,-0.046361520886421204
688,2019-05-15,,20.86174774169922,,22.39098358154297,-1.4332669973373413,-0.09596841037273407
689,2019-05-16,,21.0140323638916,,22.39126205444336,-1.510258436203003,0.13302908837795258
690,2019-05-17,,20.90972900390625,,22.391536712646484,-1.590097427368164,0.1082877665758133
691,2019-05-18,,20.672882080078125,,22.391815185546875,-1.6728394031524658,-0.04609207063913345
692,2019-05-19,,20.587554931640625,,22.392091751098633,-1.758508324623108,-0.0460270531475544
693,2019-05-20,,20.538406372070312,,22.39236831665039,-1.8470953702926636,-0.006867800373584032
694,2019-05-21,,20.407726287841797,,22.39264678955078,-1.9385589361190796,-0.046361520886421204
695,2019-05-22,,20.264129638671875,,22.392921447753906,-2.0328240394592285,-0.09596841037273407
696,2019-05-23,,20.396448135375977,,22.393199920654297,-2.1297805309295654,0.13302908837795258
697,2019-05-24,,20.272476196289062,,22.393476486206055,-2.229288101196289,0.1082877665758133
698,2019-05-25,,20.016489028930664,,22.393753051757812,-2.3311727046966553,-0.04609207063913345
699,2019-05-26,,19.91277313232422,,22.39402961730957,-2.4352288246154785,-0.0460270531475544
700,2019-05-27,,19.84621810913086,,22.39430809020996,-2.541222333908081,-0.006867800373584032
701,2019-05-28,,19.69933319091797,,22.39458465576172,-2.648890256881714,-0.046361520886421204
702,2019-05-29,,19.54094696044922,,22.394861221313477,-2.757943868637085,-0.09596841037273407
703,2019-05-30,,19.66009521484375,,22.395137786865234,-2.868072032928467,0.13302908837795258
704,2019-05-31,,19.524763107299805,,22.395416259765625,-2.9789397716522217,0.1082877665758133
705,2019-06-01,,19.259403228759766,,22.39569091796875,-3.0901949405670166,-0.04609207063913345
706,2019-06-02,,19.14847183227539,,22.39596939086914,-3.2014713287353516,-0.0460270531475544
707,2019-06-03,,19.076990127563477,,22.3962459564209,-3.312387704849243,-0.006867800373584032
708,2019-06-04,,18.9276065826416,,22.396522521972656,-3.4225544929504395,-0.046361520886421204
709,2019-06-05,,18.76925277709961,,22.396799087524414,-3.5315768718719482,-0.09596841037273407
710,2019-06-06,,18.891048431396484,,22.397077560424805,-3.6390581130981445,0.13302908837795258
711,2019-06-07,,18.76103973388672,,22.397354125976562,-3.7446017265319824,0.1082877665758133
712,2019-06-08,,18.50372314453125,,22.39763069152832,-3.8478145599365234,-0.04609207063913345
713,2019-06-09,,18.403566360473633,,22.397907257080078,-3.9483137130737305,-0.0460270531475544
714,2019-06-10,,18.345590591430664,,22.39818572998047,-4.045726776123047,-0.006867800373584032
715,2019-06-11,,18.21240234375,,22.398460388183594,-4.1396965980529785,-0.046361520886421204
716,2019-06-12,,18.07288932800293,,22.398738861083984,-4.229881286621094,-0.09596841037273407
717,2019-06-13,,18.216081619262695,,22.399015426635742,-4.315963268280029,0.13302908837795258
718,2019-06-14,,18.10993194580078,,22.3992919921875,-4.397647380828857,0.1082877665758133
719,2019-06-15,,17.878812789916992,,22.399568557739258,-4.474663734436035,-0.04609207063913345
720,2019-06-16,,17.80704689025879,,22.39984703063965,-4.546772480010986,-0.0460270531475544
721,2019-06-17,,17.779491424560547,,22.400123596191406,-4.613763332366943,-0.006867800373584032
722,2019-06-18,,17.678579330444336,,22.400400161743164,-4.675459384918213,-0.046361520886421204
723,2019-06-19,,17.57299041748047,,22.400676727294922,-4.731718063354492,-0.09596841037273407
724,2019-06-20,,17.751556396484375,,22.400955200195312,-4.782427787780762,0.13302908837795258
725,2019-06-21,,17.68199920654297,,22.401229858398438,-4.827520370483398,0.1082877665758133
726,2019-06-22,,17.48845863342285,,22.401508331298828,-4.86695671081543,-0.04609207063913345
727,2019-06-23,,17.455018997192383,,22.401784896850586,-4.9007391929626465,-0.0460270531475544
728,2019-06-24,,17.466289520263672,,22.402061462402344,-4.9289045333862305,-0.006867800373584032
729,2019-06-25,,17.404451370239258,,22.4023380279541,-4.951526165008545,-0.046361520886421204
730,2019-06-26,,17.33793830871582,,22.40261459350586,-4.968708038330078,-0.09596841037273407
731,2019-06-27,,17.555326461791992,,22.40289306640625,-4.98059606552124,0.13302908837795258
732,2019-06-28,,17.524097442626953,,22.403169631958008,-4.987359046936035,0.1082877665758133
733,2019-06-29,,17.36815071105957,,22.403446197509766,-4.989202976226807,-0.04609207063913345
734,2019-06-30,,17.371337890625,,22.403724670410156,-4.986358165740967,-0.0460270531475544
735,2019-07-01,,17.418052673339844,,22.40399932861328,-4.979080677032471,-0.006867800373584032
736,2019-07-02,,17.3902645111084,,22.404277801513672,-4.967650890350342,-0.046361520886421204
737,2019-07-03,,17.356218338012695,,22.40455436706543,-4.952367782592773,-0.09596841037273407
738,2019-07-04,,17.60430908203125,,22.404830932617188,-4.9335503578186035,0.13302908837795258
739,2019-07-05,,17.601869583129883,,22.405107498168945,-4.911525726318359,0.1082877665758133
740,2019-07-06,,17.47265625,,22.405385971069336,-4.8866376876831055,-0.04609207063913345
741,2019-07-07,,17.50040054321289,,22.405662536621094,-4.859233379364014,-0.0460270531475544
742,2019-07-08,,17.569406509399414,,22.40593910217285,-4.82966423034668,-0.006867800373584032
743,2019-07-09,,17.561573028564453,,22.40621566772461,-4.798281192779541,-0.046361520886421204
744,2019-07-10,,17.545089721679688,,22.406494140625,-4.765435695648193,-0.09596841037273407
745,2019-07-11,,17.808332443237305,,22.406768798828125,-4.731466770172119,0.13302908837795258
746,2019-07-12,,17.818626403808594,,22.407047271728516,-4.6967082023620605,0.1082877665758133
747,2019-07-13,,17.69975471496582,,22.40732192993164,-4.661475658416748,-0.04609207063913345
748,2019-07-14,,17.735498428344727,,22.40760040283203,-4.626075744628906,-0.0460270531475544
749,2019-07-15,,17.810218811035156,,22.40787696838379,-4.590789794921875,-0.006867800373584032
750,2019-07-16,,17.80591583251953,,22.408153533935547,-4.555877685546875,-0.046361520886421204
751,2019-07-17,,17.790884017944336,,22.408432006835938,-4.521579742431641,-0.09596841037273407
752,2019-07-18,,18.053630828857422,,22.408708572387695,-4.488106727600098,0.13302908837795258
753,2019-07-19,,18.06163215637207,,22.408985137939453,-4.4556403160095215,0.1082877665758133
754,2019-07-20,,17.93883514404297,,22.409263610839844,-4.42433500289917,-0.04609207063913345
755,2019-07-21,,17.96919822692871,,22.40953826904297,-4.394313812255859,-0.0460270531475544
756,2019-07-22,,18.037281036376953,,22.40981674194336,-4.36566686630249,-0.006867800373584032
757,2019-07-23,,18.025279998779297,,22.410093307495117,-4.338453769683838,-0.046361520886421204
758,2019-07-24,,18.0017032623291,,22.410369873046875,-4.312699317932129,-0.09596841037273407
759,2019-07-25,,18.255277633666992,,22.410648345947266,-4.288398265838623,0.13302908837795258
760,2019-07-26,,18.253700256347656,,22.41092300415039,-4.265511512756348,0.1082877665758133
761,2019-07-27,,18.121139526367188,,22.41120147705078,-4.2439703941345215,-0.04609207063913345
762,2019-07-28,,18.14177703857422,,22.41147804260254,-4.223674297332764,-0.0460270531475544
763,2019-07-29,,18.200389862060547,,22.411754608154297,-4.204496383666992,-0.006867800373584032
764,2019-07-30,,18.17938995361328,,22.412031173706055,-4.186280250549316,-0.046361520886421204
765,2019-07-31,,18.147493362426758,,22.412307739257812,-4.16884708404541,-0.09596841037273407
766,2019-08-01,,18.393619537353516,,22.412586212158203,-4.151994705200195,0.13302908837795258
767,2019-08-02,,18.385648727416992,,22.412860870361328,-4.135501384735107,0.1082877665758133
768,2019-08-03,,18.247920989990234,,22.41313934326172,-4.119125843048096,-0.04609207063913345
769,2019-08-04,,18.264774322509766,,22.41341781616211,-4.102614402770996,-0.0460270531475544
770,2019-08-05,,18.321123123168945,,22.413692474365234,-4.085701942443848,-0.006867800373584032
771,2019-08-06,,18.299495697021484,,22.413970947265625,-4.068113803863525,-0.046361520886421204
772,2019-08-07,,18.268707275390625,,22.414247512817383,-4.049572467803955,-0.09596841037273407
773,2019-08-08,,18.517757415771484,,22.41452407836914,-4.029796600341797,0.13302908837795258
774,2019-08-09,,18.51458168029785,,22.41480255126953,-4.00850772857666,0.1082877665758133
775,2019-08-10,,18.383556365966797,,22.415077209472656,-3.985430955886841,-0.04609207063913345
776,2019-08-11,,18.409027099609375,,22.415355682373047,-3.9603002071380615,-0.0460270531475544
777,2019-08-12,,18.475902557373047,,22.415630340576172,-3.932861328125,-0.006867800373584032
778,2019-08-13,,18.4666748046875,,22.415908813476562,-3.9028725624084473,-0.046361520886421204
779,2019-08-14,,18.45010757446289,,22.416187286376953,-3.8701112270355225,-0.09596841037273407
780,2019-08-15,,18.715118408203125,,22.416461944580078,-3.834372043609619,0.13302908837795258
781,2019-08-16,,18.72955322265625,,22.41674041748047,-3.795473337173462,0.1082877665758133
782,2019-08-17,,18.61766815185547,,22.417016983032227,-3.753258466720581,-0.04609207063913345
783,2019-08-18,,18.66366958618164,,22.417293548583984,-3.7075958251953125,-0.0460270531475544
784,2019-08-19,,18.7523193359375,,22.417570114135742,-3.658381938934326,-0.006867800373584032
785,2019-08-20,,18.76594352722168,,22.4178466796875,-3.6055426597595215,-0.046361520886421204
786,2019-08-21,,18.773120880126953,,22.41812515258789,-3.5490357875823975,-0.09596841037273407
787,2019-08-22,,19.062580108642578,,22.418399810791016,-3.488848924636841,0.13302908837795258
788,2019-08-23,,19.101964950561523,,22.418678283691406,-3.425001621246338,0.1082877665758133
789,2019-08-24,,19.015317916870117,,22.418956756591797,-3.3575453758239746,-0.04609207063913345
790,2019-08-25,,19.08664321899414,,22.419231414794922,-3.286562919616699,-0.0460270531475544
791,2019-08-26,,19.20047378540039,,22.419509887695312,-3.2121684551239014,-0.006867800373584032
792,2019-08-27,,19.23891830444336,,22.41978645324707,-3.1345067024230957,-0.046361520886421204
793,2019-08-28,,19.270343780517578,,22.420063018798828,-3.05375075340271,-0.09596841037273407
794,2019-08-29,,19.583271026611328,,22.420339584350586,-2.9700992107391357,0.13302908837795258
795,2019-08-30,,19.645126342773438,,22.420616149902344,-2.883780002593994,0.1082877665758133
796,2019-08-31,,19.579761505126953,,22.420894622802734,-2.795042037963867,-0.04609207063913345
797,2019-09-01,,19.67098617553711,,22.42116928100586,-2.7041563987731934,-0.0460270531475544
798,2019-09-02,,19.80316734313965,,22.42144775390625,-2.6114120483398438,-0.006867800373584032
799,2019-09-03,,19.858245849609375,,22.42172622680664,-2.517115831375122,-0.046361520886421204
800,2019-09-04,,19.90444564819336,,22.422000885009766,-2.421586275100708,-0.09596841037273407
801,2019-09-05,,20.23015594482422,,22.422279357910156,-2.3251514434814453,0.13302908837795258
802,2019-09-06,,20.302696228027344,,22.422555923461914,-2.2281484603881836,0.1082877665758133
803,2019-09-07,,20.24582290649414,,22.422832489013672,-2.13091778755188,-0.04609207063913345
804,2019-09-08,,20.34328269958496,,22.42310905456543,-2.033799171447754,-0.0460270531475544
805,2019-09-09,,20.479389190673828,,22.423385620117188,-1.9371309280395508,-0.006867800373584032
806,2019-09-10,,20.536056518554688,,22.423664093017578,-1.8412457704544067,-0.046361520886421204
807,2019-09-11,,20.581504821777344,,22.423938751220703,-1.7464678287506104,-0.09596841037273407
808,2019-09-12,,20.904136657714844,,22.424217224121094,-1.6531082391738892,0.13302908837795258
809,2019-09-13,,20.971317291259766,,22.424495697021484,-1.5614641904830933,0.1082877665758133
810,2019-09-14,,20.906864166259766,,22.42477035522461,-1.4718149900436401,-0.04609207063913345
811,2019-09-15,,20.994600296020508,,22.425048828125,-1.384420394897461,-0.0460270531475544
812,2019-09-16,,21.118942260742188,,22.425325393676758,-1.2995167970657349,-0.006867800373584032
813,2019-09-17,,21.161922454833984,,22.425601959228516,-1.2173173427581787,-0.046361520886421204
814,2019-09-18,,21.19190216064453,,22.425878524780273,-1.1380078792572021,-0.09596841037273407
815,2019-09-19,,21.4974365234375,,22.42615509033203,-1.06174635887146,0.13302908837795258
816,2019-09-20,,21.546058654785156,,22.426433563232422,-0.9886615872383118,0.1082877665758133
817,2019-09-21,,21.46176528930664,,22.426708221435547,-0.9188518524169922,-0.04609207063913345
818,2019-09-22,,21.528573989868164,,22.426986694335938,-0.8523849844932556,-0.0460270531475544
819,2019-09-23,,21.631099700927734,,22.427265167236328,-0.7892970442771912,-0.006867800373584032
820,2019-09-24,,21.651586532592773,,22.427539825439453,-0.7295929193496704,-0.046361520886421204
821,2019-09-25,,21.65860366821289,,22.427818298339844,-0.6732463836669922,-0.09596841037273407
822,2019-09-26,,21.9409236907959,,22.4280948638916,-0.6202006340026855,0.13302908837795258
823,2019-09-27,,21.966289520263672,,22.42837142944336,-0.5703694224357605,0.1082877665758133
824,2019-09-28,,21.858917236328125,,22.428647994995117,-0.5236378312110901,-0.04609207063913345
825,2019-09-29,,21.903034210205078,,22.428924560546875,-0.47986453771591187,-0.0460270531475544
826,2019-09-30,,21.98345184326172,,22.429203033447266,-0.4388822615146637,-0.006867800373584032
827,2019-10-01,,21.982616424560547,,22.429479598999023,-0.4005015194416046,-0.046361520886421204
828,2019-10-02,,21.969276428222656,,22.42975616455078,-0.36451107263565063,-0.09596841037273407
829,2019-10-03,,22.232379913330078,,22.43003273010254,-0.33068138360977173,0.13302908837795258
830,2019-10-04,,22.239830017089844,,22.430309295654297,-0.29876744747161865,0.1082877665758133
831,2019-10-05,,22.115985870361328,,22.430587768554688,-0.26851028203964233,-0.04609207063913345
832,2019-10-06,,22.14519500732422,,22.430862426757812,-0.23964133858680725,-0.0460270531475544
833,2019-10-07,,22.21238899230957,,22.431140899658203,-0.21188443899154663,-0.006867800373584032
834,2019-10-08,,22.200096130371094,,22.43141746520996,-0.18495891988277435,-0.046361520886421204
835,2019-10-09,,22.177143096923828,,22.43169403076172,-0.15858300030231476,-0.09596841037273407
836,2019-10-10,,22.432525634765625,,22.43197250366211,-0.13247643411159515,0.13302908837795258
837,2019-10-11,,22.434171676635742,,22.432249069213867,-0.10636398941278458,0.1082877665758133
838,2019-10-12,,22.306455612182617,,22.432525634765625,-0.07997767627239227,-0.04609207063913345
839,2019-10-13,,22.333715438842773,,22.432804107666016,-0.05306011065840721,-0.0460270531475544
840,2019-10-14,,22.40084457397461,,22.43307876586914,-0.02536703646183014,-0.006867800373584032
841,2019-10-15,,22.39032554626465,,22.43335723876953,0.003330727107822895,-0.046361520886421204
842,2019-10-16,,22.370908737182617,,22.433631896972656,0.033243659883737564,-0.09596841037273407
843,2019-10-17,,22.631502151489258,,22.433910369873047,0.06456244736909866,0.13302908837795258
844,2019-10-18,,22.639930725097656,,22.434186935424805,0.09745654463768005,0.1082877665758133
845,2019-10-19,,22.520442962646484,,22.434463500976562,0.13207095861434937,-0.04609207063913345
846,2019-10-20,,22.557239532470703,,22.43474006652832,0.16852642595767975,-0.0460270531475544
847,2019-10-21,,22.635066986083984,,22.43501853942871,0.2069169580936432,-0.006867800373584032
848,2019-10-22,,22.63624382019043,,22.43529510498047,0.24731062352657318,-0.046361520886421204
849,2019-10-23,,22.629352569580078,,22.435571670532227,0.2897478938102722,-0.09596841037273407
850,2019-10-24,,22.903120040893555,,22.435848236083984,0.3342415690422058,0.13302908837795258
851,2019-10-25,,22.92519187927246,,22.436126708984375,0.38077738881111145,0.1082877665758133
852,2019-10-26,,22.819625854492188,,22.4364013671875,0.42931416630744934,-0.04609207063913345
853,2019-10-27,,22.870437622070312,,22.43667984008789,0.47978416085243225,-0.0460270531475544
854,2019-10-28,,22.962182998657227,,22.43695640563965,0.5320948958396912,-0.006867800373584032
855,2019-10-29,,22.977001190185547,,22.437232971191406,0.586129903793335,-0.046361520886421204
856,2019-10-30,,22.983291625976562,,22.437511444091797,0.6417495608329773,-0.09596841037273407
857,2019-10-31,,23.269611358642578,,22.437788009643555,0.6987952589988708,0.13302908837795258
858,2019-11-01,,23.30344009399414,,22.438064575195312,0.7570878863334656,0.1082877665758133
859,2019-11-02,,23.208683013916016,,22.43834114074707,0.816433310508728,-0.04609207063913345
860,2019-11-03,,23.269214630126953,,22.438617706298828,0.8766224384307861,-0.0460270531475544
861,2019-11-04,,23.369462966918945,,22.43889617919922,0.9374355673789978,-0.006867800373584032
862,2019-11-05,,23.39145278930664,,22.439170837402344,0.9986431002616882,-0.046361520886421204
863,2019-11-06,,23.40349006652832,,22.439449310302734,1.0600104331970215,-0.09596841037273407
864,2019-11-07,,23.694053649902344,,22.439725875854492,1.1212984323501587,0.13302908837795258
865,2019-11-08,,23.730560302734375,,22.44000244140625,1.1822688579559326,0.1082877665758133
866,2019-11-09,,23.636871337890625,,22.440279006958008,1.242684006690979,-0.04609207063913345
867,2019-11-10,,23.696842193603516,,22.4405574798584,1.302312970161438,-0.0460270531475544
868,2019-11-11,,23.794898986816406,,22.440834045410156,1.360931634902954,-0.006867800373584032
869,2019-11-12,,23.81307601928711,,22.441110610961914,1.4183262586593628,-0.046361520886421204
870,2019-11-13,,23.819717407226562,,22.441387176513672,1.474298119544983,-0.09596841037273407
871,2019-11-14,,24.103355407714844,,22.441665649414062,1.5286600589752197,0.13302908837795258
872,2019-11-15,,24.1314754486084,,22.441940307617188,1.581246256828308,0.1082877665758133
873,2019-11-16,,24.028034210205078,,22.442218780517578,1.6319080591201782,-0.04609207063913345
874,2019-11-17,,24.076988220214844,,22.442495346069336,1.6805195808410645,-0.0460270531475544
875,2019-11-18,,24.162879943847656,,22.442771911621094,1.7269766330718994,-0.006867800373584032
876,2019-11-19,,24.16788673400879,,22.443050384521484,1.771199345588684,-0.046361520886421204
877,2019-11-20,,24.160491943359375,,22.443326950073242,1.813133955001831,-0.09596841037273407
878,2019-11-21,,24.42938232421875,,22.443603515625,1.8527517318725586,0.13302908837795258
879,2019-11-22,,24.442216873168945,,22.443880081176758,1.8900493383407593,0.1082877665758133
880,2019-11-23,,24.323116302490234,,22.444156646728516,1.9250524044036865,-0.04609207063913345
881,2019-11-24,,24.356218338012695,,22.444435119628906,1.9578111171722412,-0.0460270531475544
882,2019-11-25,,24.42624282836914,,22.44470977783203,1.9884006977081299,-0.006867800373584032
883,2019-11-26,,24.415550231933594,,22.444988250732422,2.016923427581787,-0.046361520886421204
884,2019-11-27,,24.392799377441406,,22.44526481628418,2.043504238128662,-0.09596841037273407
885,2019-11-28,,24.646862030029297,,22.445541381835938,2.068291425704956,0.13302908837795258
886,2019-11-29,,24.64556121826172,,22.445819854736328,2.0914549827575684,0.1082877665758133
887,2019-11-30,,24.513187408447266,,22.446096420288086,2.1131832599639893,-0.04609207063913345
888,2019-12-01,,24.534029006958008,,22.446372985839844,2.133683204650879,-0.0460270531475544
889,2019-12-02,,24.59295654296875,,22.4466495513916,2.1531753540039062,-0.006867800373584032
890,2019-12-03,,24.572460174560547,,22.44692611694336,2.171895980834961,-0.046361520886421204
891,2019-12-04,,24.541324615478516,,22.44720458984375,2.1900882720947266,-0.09596841037273407
892,2019-12-05,,24.788515090942383,,22.447479248046875,2.208004951477051,0.13302908837795258
893,2019-12-06,,24.78194808959961,,22.447757720947266,2.2259039878845215,0.1082877665758133
894,2019-12-07,,24.645986557006836,,22.448034286499023,2.244044303894043,-0.04609207063913345
895,2019-12-08,,24.66497039794922,,22.44831085205078,2.2626850605010986,-0.0460270531475544
896,2019-12-09,,24.723800659179688,,22.448589324951172,2.2820816040039062,-0.006867800373584032
897,2019-12-10,,24.704984664916992,,22.448863983154297,2.3024823665618896,-0.046361520886421204
898,2019-12-11,,24.67729949951172,,22.449142456054688,2.3241264820098877,-0.09596841037273407
899,2019-12-12,,24.929691314697266,,22.449419021606445,2.3472418785095215,0.13302908837795258
